<?xml version="1.0" encoding="UTF-8"?>
<project-private xmlns="http://www.netbeans.org/ns/project-private/1">
    <editor-bookmarks xmlns="http://www.netbeans.org/ns/editor-bookmarks/2" lastBookmarkId="0"/>
    <open-files xmlns="http://www.netbeans.org/ns/projectui-open-files/2">
        <group>
            <file>file:/Users/sumanayanakonda/Desktop/Konda_Sumanayana_002786769/AED_Final%20/AEDFinalProject/Hospital_Management_System/src/Department/DepartmentWorkArea.java</file>
            <file>file:/Users/sumanayanakonda/Desktop/Konda_Sumanayana_002786769/AED_Final%20/AEDFinalProject/Hospital_Management_System/src/Model/Orders.java</file>
            <file>file:/Users/sumanayanakonda/Desktop/Konda_Sumanayana_002786769/AED_Final%20/AEDFinalProject/Hospital_Management_System/src/Department/DeptMessagePanel.java</file>
            <file>file:/Users/sumanayanakonda/Desktop/Konda_Sumanayana_002786769/AED_Final%20/AEDFinalProject/Hospital_Management_System/src/DBUtil/DB4OUtil.java</file>
            <file>file:/Users/sumanayanakonda/Desktop/Konda_Sumanayana_002786769/AED_Final%20/AEDFinalProject/Hospital_Management_System/src/BedManager/BedManagerWorkArea.java</file>
            <file>file:/Users/sumanayanakonda/Desktop/Konda_Sumanayana_002786769/AED_Final%20/AEDFinalProject/Hospital_Management_System/src/BedManager/BedMessagePanel.java</file>
            <file>file:/Users/sumanayanakonda/Desktop/Konda_Sumanayana_002786769/AED_Final%20/AEDFinalProject/Hospital_Management_System/src/SystemAdmin/Roles.java</file>
            <file>file:/Users/sumanayanakonda/Desktop/Konda_Sumanayana_002786769/AED_Final%20/AEDFinalProject/Hospital_Management_System/src/SystemAdmin/SystemAdminWorkArea.java</file>
            <file>file:/Users/sumanayanakonda/Desktop/Konda_Sumanayana_002786769/AED_Final%20/AEDFinalProject/Hospital_Management_System/src/UserInterface/Login.java</file>
        </group>
    </open-files>
</project-private>
